old_image_id,old_file_name,new_image_id,new_file_name
460,00460.jpg,1,00001.jpg
461,00461.jpg,2,00002.jpg
462,00462.jpg,3,00003.jpg
463,00463.jpg,4,00004.jpg
467,00467.jpg,5,00005.jpg
913,00913.jpg,6,00006.jpg
914,00914.jpg,7,00007.jpg
915,00915.jpg,8,00008.jpg
916,00916.jpg,9,00009.jpg
917,00917.jpg,10,00010.jpg
918,00918.jpg,11,00011.jpg
919,00919.jpg,12,00012.jpg
920,00920.jpg,13,00013.jpg
921,00921.jpg,14,00014.jpg
922,00922.jpg,15,00015.jpg
923,00923.jpg,16,00016.jpg
924,00924.jpg,17,00017.jpg
925,00925.jpg,18,00018.jpg
926,00926.jpg,19,00019.jpg
927,00927.jpg,20,00020.jpg
928,00928.jpg,21,00021.jpg
929,00929.jpg,22,00022.jpg
931,00931.jpg,23,00023.jpg
932,00932.jpg,24,00024.jpg
933,00933.jpg,25,00025.jpg
934,00934.jpg,26,00026.jpg
935,00935.jpg,27,00027.jpg
936,00936.jpg,28,00028.jpg
937,00937.jpg,29,00029.jpg
938,00938.jpg,30,00030.jpg
939,00939.jpg,31,00031.jpg
940,00940.jpg,32,00032.jpg
941,00941.jpg,33,00033.jpg
942,00942.jpg,34,00034.jpg
943,00943.jpg,35,00035.jpg
945,00945.jpg,36,00036.jpg
946,00946.jpg,37,00037.jpg
947,00947.jpg,38,00038.jpg
948,00948.jpg,39,00039.jpg
949,00949.jpg,40,00040.jpg
1711,01711.jpg,41,00041.jpg
1712,01712.jpg,42,00042.jpg
1713,01713.jpg,43,00043.jpg
1714,01714.jpg,44,00044.jpg
1715,01715.jpg,45,00045.jpg
1716,01716.jpg,46,00046.jpg
1717,01717.jpg,47,00047.jpg
1718,01718.jpg,48,00048.jpg
1719,01719.jpg,49,00049.jpg
1720,01720.jpg,50,00050.jpg
1721,01721.jpg,51,00051.jpg
1722,01722.jpg,52,00052.jpg
1723,01723.jpg,53,00053.jpg
1724,01724.jpg,54,00054.jpg
1725,01725.jpg,55,00055.jpg
1726,01726.jpg,56,00056.jpg
1727,01727.jpg,57,00057.jpg
1728,01728.jpg,58,00058.jpg
1729,01729.jpg,59,00059.jpg
1730,01730.jpg,60,00060.jpg
1731,01731.jpg,61,00061.jpg
1732,01732.jpg,62,00062.jpg
1733,01733.jpg,63,00063.jpg
1734,01734.jpg,64,00064.jpg
1735,01735.jpg,65,00065.jpg
1736,01736.jpg,66,00066.jpg
1737,01737.jpg,67,00067.jpg
1738,01738.jpg,68,00068.jpg
1739,01739.jpg,69,00069.jpg
1740,01740.jpg,70,00070.jpg
1741,01741.jpg,71,00071.jpg
1742,01742.jpg,72,00072.jpg
1743,01743.jpg,73,00073.jpg
1744,01744.jpg,74,00074.jpg
1745,01745.jpg,75,00075.jpg
1746,01746.jpg,76,00076.jpg
1747,01747.jpg,77,00077.jpg
1748,01748.jpg,78,00078.jpg
1749,01749.jpg,79,00079.jpg
1750,01750.jpg,80,00080.jpg
1751,01751.jpg,81,00081.jpg
1752,01752.jpg,82,00082.jpg
1753,01753.jpg,83,00083.jpg
1754,01754.jpg,84,00084.jpg
1755,01755.jpg,85,00085.jpg
1756,01756.jpg,86,00086.jpg
1757,01757.jpg,87,00087.jpg
1758,01758.jpg,88,00088.jpg
1759,01759.jpg,89,00089.jpg
1760,01760.jpg,90,00090.jpg
1761,01761.jpg,91,00091.jpg
1762,01762.jpg,92,00092.jpg
1763,01763.jpg,93,00093.jpg
1764,01764.jpg,94,00094.jpg
1765,01765.jpg,95,00095.jpg
1766,01766.jpg,96,00096.jpg
1767,01767.jpg,97,00097.jpg
1768,01768.jpg,98,00098.jpg
1769,01769.jpg,99,00099.jpg
1770,01770.jpg,100,00100.jpg
1771,01771.jpg,101,00101.jpg
1772,01772.jpg,102,00102.jpg
1773,01773.jpg,103,00103.jpg
1774,01774.jpg,104,00104.jpg
1775,01775.jpg,105,00105.jpg
1776,01776.jpg,106,00106.jpg
1777,01777.jpg,107,00107.jpg
1778,01778.jpg,108,00108.jpg
1779,01779.jpg,109,00109.jpg
1780,01780.jpg,110,00110.jpg
1781,01781.jpg,111,00111.jpg
1782,01782.jpg,112,00112.jpg
1783,01783.jpg,113,00113.jpg
1784,01784.jpg,114,00114.jpg
1785,01785.jpg,115,00115.jpg
1786,01786.jpg,116,00116.jpg
1787,01787.jpg,117,00117.jpg
1788,01788.jpg,118,00118.jpg
1789,01789.jpg,119,00119.jpg
1790,01790.jpg,120,00120.jpg
1791,01791.jpg,121,00121.jpg
1792,01792.jpg,122,00122.jpg
1793,01793.jpg,123,00123.jpg
1794,01794.jpg,124,00124.jpg
1795,01795.jpg,125,00125.jpg
1796,01796.jpg,126,00126.jpg
1797,01797.jpg,127,00127.jpg
1798,01798.jpg,128,00128.jpg
1799,01799.jpg,129,00129.jpg
1800,01800.jpg,130,00130.jpg
1801,01801.jpg,131,00131.jpg
1802,01802.jpg,132,00132.jpg
1803,01803.jpg,133,00133.jpg
1804,01804.jpg,134,00134.jpg
1805,01805.jpg,135,00135.jpg
1806,01806.jpg,136,00136.jpg
1807,01807.jpg,137,00137.jpg
1808,01808.jpg,138,00138.jpg
1809,01809.jpg,139,00139.jpg
1810,01810.jpg,140,00140.jpg
1811,01811.jpg,141,00141.jpg
1812,01812.jpg,142,00142.jpg
1813,01813.jpg,143,00143.jpg
1814,01814.jpg,144,00144.jpg
1815,01815.jpg,145,00145.jpg
1816,01816.jpg,146,00146.jpg
1817,01817.jpg,147,00147.jpg
1818,01818.jpg,148,00148.jpg
1819,01819.jpg,149,00149.jpg
1820,01820.jpg,150,00150.jpg
1821,01821.jpg,151,00151.jpg
1822,01822.jpg,152,00152.jpg
1823,01823.jpg,153,00153.jpg
1824,01824.jpg,154,00154.jpg
1825,01825.jpg,155,00155.jpg
1826,01826.jpg,156,00156.jpg
1827,01827.jpg,157,00157.jpg
1828,01828.jpg,158,00158.jpg
1829,01829.jpg,159,00159.jpg
1830,01830.jpg,160,00160.jpg
1831,01831.jpg,161,00161.jpg
1832,01832.jpg,162,00162.jpg
1833,01833.jpg,163,00163.jpg
1834,01834.jpg,164,00164.jpg
1835,01835.jpg,165,00165.jpg
1836,01836.jpg,166,00166.jpg
1837,01837.jpg,167,00167.jpg
1838,01838.jpg,168,00168.jpg
1839,01839.jpg,169,00169.jpg
1840,01840.jpg,170,00170.jpg
1842,01842.jpg,171,00171.jpg
1843,01843.jpg,172,00172.jpg
1844,01844.jpg,173,00173.jpg
1845,01845.jpg,174,00174.jpg
1846,01846.jpg,175,00175.jpg
1847,01847.jpg,176,00176.jpg
1848,01848.jpg,177,00177.jpg
1849,01849.jpg,178,00178.jpg
1850,01850.jpg,179,00179.jpg
1851,01851.jpg,180,00180.jpg
1852,01852.jpg,181,00181.jpg
1853,01853.jpg,182,00182.jpg
1854,01854.jpg,183,00183.jpg
1855,01855.jpg,184,00184.jpg
1856,01856.jpg,185,00185.jpg
1857,01857.jpg,186,00186.jpg
1858,01858.jpg,187,00187.jpg
1859,01859.jpg,188,00188.jpg
1860,01860.jpg,189,00189.jpg
1861,01861.jpg,190,00190.jpg
1863,01863.jpg,191,00191.jpg
1864,01864.jpg,192,00192.jpg
1865,01865.jpg,193,00193.jpg
1866,01866.jpg,194,00194.jpg
1867,01867.jpg,195,00195.jpg
1868,01868.jpg,196,00196.jpg
1869,01869.jpg,197,00197.jpg
1870,01870.jpg,198,00198.jpg
1871,01871.jpg,199,00199.jpg
1872,01872.jpg,200,00200.jpg
1873,01873.jpg,201,00201.jpg
1874,01874.jpg,202,00202.jpg
1875,01875.jpg,203,00203.jpg
1876,01876.jpg,204,00204.jpg
1877,01877.jpg,205,00205.jpg
1878,01878.jpg,206,00206.jpg
1879,01879.jpg,207,00207.jpg
1880,01880.jpg,208,00208.jpg
1881,01881.jpg,209,00209.jpg
1882,01882.jpg,210,00210.jpg
1883,01883.jpg,211,00211.jpg
1884,01884.jpg,212,00212.jpg
1885,01885.jpg,213,00213.jpg
1886,01886.jpg,214,00214.jpg
1887,01887.jpg,215,00215.jpg
1888,01888.jpg,216,00216.jpg
1889,01889.jpg,217,00217.jpg
1891,01891.jpg,218,00218.jpg
1892,01892.jpg,219,00219.jpg
1893,01893.jpg,220,00220.jpg
1894,01894.jpg,221,00221.jpg
1895,01895.jpg,222,00222.jpg
1896,01896.jpg,223,00223.jpg
1897,01897.jpg,224,00224.jpg
1898,01898.jpg,225,00225.jpg
1899,01899.jpg,226,00226.jpg
1900,01900.jpg,227,00227.jpg
1901,01901.jpg,228,00228.jpg
1902,01902.jpg,229,00229.jpg
1903,01903.jpg,230,00230.jpg
1904,01904.jpg,231,00231.jpg
1905,01905.jpg,232,00232.jpg
1906,01906.jpg,233,00233.jpg
1907,01907.jpg,234,00234.jpg
1908,01908.jpg,235,00235.jpg
1909,01909.jpg,236,00236.jpg
1910,01910.jpg,237,00237.jpg
1911,01911.jpg,238,00238.jpg
1912,01912.jpg,239,00239.jpg
1913,01913.jpg,240,00240.jpg
1914,01914.jpg,241,00241.jpg
1915,01915.jpg,242,00242.jpg
1916,01916.jpg,243,00243.jpg
1917,01917.jpg,244,00244.jpg
1918,01918.jpg,245,00245.jpg
1919,01919.jpg,246,00246.jpg
1920,01920.jpg,247,00247.jpg
1921,01921.jpg,248,00248.jpg
1922,01922.jpg,249,00249.jpg
1923,01923.jpg,250,00250.jpg
1924,01924.jpg,251,00251.jpg
1925,01925.jpg,252,00252.jpg
1926,01926.jpg,253,00253.jpg
1927,01927.jpg,254,00254.jpg
1928,01928.jpg,255,00255.jpg
1929,01929.jpg,256,00256.jpg
1930,01930.jpg,257,00257.jpg
1931,01931.jpg,258,00258.jpg
1932,01932.jpg,259,00259.jpg
1933,01933.jpg,260,00260.jpg
1934,01934.jpg,261,00261.jpg
1935,01935.jpg,262,00262.jpg
1936,01936.jpg,263,00263.jpg
1937,01937.jpg,264,00264.jpg
1938,01938.jpg,265,00265.jpg
1939,01939.jpg,266,00266.jpg
1940,01940.jpg,267,00267.jpg
1941,01941.jpg,268,00268.jpg
1943,01943.jpg,269,00269.jpg
1944,01944.jpg,270,00270.jpg
1945,01945.jpg,271,00271.jpg
1946,01946.jpg,272,00272.jpg
1947,01947.jpg,273,00273.jpg
1948,01948.jpg,274,00274.jpg
1949,01949.jpg,275,00275.jpg
1950,01950.jpg,276,00276.jpg
1951,01951.jpg,277,00277.jpg
1952,01952.jpg,278,00278.jpg
1953,01953.jpg,279,00279.jpg
1954,01954.jpg,280,00280.jpg
1955,01955.jpg,281,00281.jpg
1956,01956.jpg,282,00282.jpg
1957,01957.jpg,283,00283.jpg
1958,01958.jpg,284,00284.jpg
1959,01959.jpg,285,00285.jpg
1960,01960.jpg,286,00286.jpg
1961,01961.jpg,287,00287.jpg
1962,01962.jpg,288,00288.jpg
1963,01963.jpg,289,00289.jpg
1964,01964.jpg,290,00290.jpg
1965,01965.jpg,291,00291.jpg
1966,01966.jpg,292,00292.jpg
1967,01967.jpg,293,00293.jpg
1968,01968.jpg,294,00294.jpg
1970,01970.jpg,295,00295.jpg
1971,01971.jpg,296,00296.jpg
1972,01972.jpg,297,00297.jpg
1973,01973.jpg,298,00298.jpg
1974,01974.jpg,299,00299.jpg
1975,01975.jpg,300,00300.jpg
1976,01976.jpg,301,00301.jpg
1977,01977.jpg,302,00302.jpg
1978,01978.jpg,303,00303.jpg
1979,01979.jpg,304,00304.jpg
1980,01980.jpg,305,00305.jpg
1981,01981.jpg,306,00306.jpg
1982,01982.jpg,307,00307.jpg
1983,01983.jpg,308,00308.jpg
1984,01984.jpg,309,00309.jpg
1985,01985.jpg,310,00310.jpg
1986,01986.jpg,311,00311.jpg
1987,01987.jpg,312,00312.jpg
1990,01990.jpg,313,00313.jpg
1992,01992.jpg,314,00314.jpg
1993,01993.jpg,315,00315.jpg
1994,01994.jpg,316,00316.jpg
1995,01995.jpg,317,00317.jpg
1996,01996.jpg,318,00318.jpg
1997,01997.jpg,319,00319.jpg
1998,01998.jpg,320,00320.jpg
1999,01999.jpg,321,00321.jpg
2000,02000.jpg,322,00322.jpg
2001,02001.jpg,323,00323.jpg
2002,02002.jpg,324,00324.jpg
2003,02003.jpg,325,00325.jpg
2004,02004.jpg,326,00326.jpg
2005,02005.jpg,327,00327.jpg
2006,02006.jpg,328,00328.jpg
2007,02007.jpg,329,00329.jpg
2008,02008.jpg,330,00330.jpg
2009,02009.jpg,331,00331.jpg
2010,02010.jpg,332,00332.jpg
2012,02012.jpg,333,00333.jpg
2013,02013.jpg,334,00334.jpg
2014,02014.jpg,335,00335.jpg
2015,02015.jpg,336,00336.jpg
2016,02016.jpg,337,00337.jpg
2017,02017.jpg,338,00338.jpg
2018,02018.jpg,339,00339.jpg
2019,02019.jpg,340,00340.jpg
2020,02020.jpg,341,00341.jpg
2021,02021.jpg,342,00342.jpg
2022,02022.jpg,343,00343.jpg
2023,02023.jpg,344,00344.jpg
2024,02024.jpg,345,00345.jpg
2025,02025.jpg,346,00346.jpg
2026,02026.jpg,347,00347.jpg
2027,02027.jpg,348,00348.jpg
2028,02028.jpg,349,00349.jpg
2029,02029.jpg,350,00350.jpg
2030,02030.jpg,351,00351.jpg
2031,02031.jpg,352,00352.jpg
2032,02032.jpg,353,00353.jpg
2033,02033.jpg,354,00354.jpg
2034,02034.jpg,355,00355.jpg
2036,02036.jpg,356,00356.jpg
2037,02037.jpg,357,00357.jpg
2038,02038.jpg,358,00358.jpg
2039,02039.jpg,359,00359.jpg
2040,02040.jpg,360,00360.jpg
2041,02041.jpg,361,00361.jpg
2042,02042.jpg,362,00362.jpg
2043,02043.jpg,363,00363.jpg
2044,02044.jpg,364,00364.jpg
2045,02045.jpg,365,00365.jpg
2046,02046.jpg,366,00366.jpg
2047,02047.jpg,367,00367.jpg
2048,02048.jpg,368,00368.jpg
2049,02049.jpg,369,00369.jpg
2050,02050.jpg,370,00370.jpg
2051,02051.jpg,371,00371.jpg
2052,02052.jpg,372,00372.jpg
2053,02053.jpg,373,00373.jpg
2054,02054.jpg,374,00374.jpg
2055,02055.jpg,375,00375.jpg
2056,02056.jpg,376,00376.jpg
2057,02057.jpg,377,00377.jpg
2058,02058.jpg,378,00378.jpg
2059,02059.jpg,379,00379.jpg
2060,02060.jpg,380,00380.jpg
2061,02061.jpg,381,00381.jpg
2062,02062.jpg,382,00382.jpg
2063,02063.jpg,383,00383.jpg
2064,02064.jpg,384,00384.jpg
2065,02065.jpg,385,00385.jpg
2066,02066.jpg,386,00386.jpg
2067,02067.jpg,387,00387.jpg
2068,02068.jpg,388,00388.jpg
2069,02069.jpg,389,00389.jpg
2070,02070.jpg,390,00390.jpg
2071,02071.jpg,391,00391.jpg
2072,02072.jpg,392,00392.jpg
2073,02073.jpg,393,00393.jpg
2074,02074.jpg,394,00394.jpg
2075,02075.jpg,395,00395.jpg
2076,02076.jpg,396,00396.jpg
2077,02077.jpg,397,00397.jpg
2078,02078.jpg,398,00398.jpg
2079,02079.jpg,399,00399.jpg
2080,02080.jpg,400,00400.jpg
2081,02081.jpg,401,00401.jpg
2082,02082.jpg,402,00402.jpg
2083,02083.jpg,403,00403.jpg
2084,02084.jpg,404,00404.jpg
2085,02085.jpg,405,00405.jpg
2086,02086.jpg,406,00406.jpg
2087,02087.jpg,407,00407.jpg
2088,02088.jpg,408,00408.jpg
2089,02089.jpg,409,00409.jpg
2090,02090.jpg,410,00410.jpg
2091,02091.jpg,411,00411.jpg
2092,02092.jpg,412,00412.jpg
2093,02093.jpg,413,00413.jpg
2094,02094.jpg,414,00414.jpg
2095,02095.jpg,415,00415.jpg
2096,02096.jpg,416,00416.jpg
2097,02097.jpg,417,00417.jpg
2098,02098.jpg,418,00418.jpg
2099,02099.jpg,419,00419.jpg
2100,02100.jpg,420,00420.jpg
2101,02101.jpg,421,00421.jpg
2102,02102.jpg,422,00422.jpg
2103,02103.jpg,423,00423.jpg
2104,02104.jpg,424,00424.jpg
2105,02105.jpg,425,00425.jpg
2106,02106.jpg,426,00426.jpg
2107,02107.jpg,427,00427.jpg
2108,02108.jpg,428,00428.jpg
2109,02109.jpg,429,00429.jpg
2110,02110.jpg,430,00430.jpg
2111,02111.jpg,431,00431.jpg
2112,02112.jpg,432,00432.jpg
2113,02113.jpg,433,00433.jpg
2114,02114.jpg,434,00434.jpg
2115,02115.jpg,435,00435.jpg
2116,02116.jpg,436,00436.jpg
2117,02117.jpg,437,00437.jpg
2118,02118.jpg,438,00438.jpg
2119,02119.jpg,439,00439.jpg
2120,02120.jpg,440,00440.jpg
2121,02121.jpg,441,00441.jpg
2122,02122.jpg,442,00442.jpg
2124,02124.jpg,443,00443.jpg
2125,02125.jpg,444,00444.jpg
2126,02126.jpg,445,00445.jpg
2127,02127.jpg,446,00446.jpg
2128,02128.jpg,447,00447.jpg
2129,02129.jpg,448,00448.jpg
2130,02130.jpg,449,00449.jpg
2131,02131.jpg,450,00450.jpg
2132,02132.jpg,451,00451.jpg
2133,02133.jpg,452,00452.jpg
2135,02135.jpg,453,00453.jpg
2136,02136.jpg,454,00454.jpg
2137,02137.jpg,455,00455.jpg
2138,02138.jpg,456,00456.jpg
2139,02139.jpg,457,00457.jpg
2140,02140.jpg,458,00458.jpg
2141,02141.jpg,459,00459.jpg
2142,02142.jpg,460,00460.jpg
2143,02143.jpg,461,00461.jpg
2144,02144.jpg,462,00462.jpg
2145,02145.jpg,463,00463.jpg
2146,02146.jpg,464,00464.jpg
2147,02147.jpg,465,00465.jpg
2148,02148.jpg,466,00466.jpg
2149,02149.jpg,467,00467.jpg
2150,02150.jpg,468,00468.jpg
2151,02151.jpg,469,00469.jpg
2152,02152.jpg,470,00470.jpg
2153,02153.jpg,471,00471.jpg
2154,02154.jpg,472,00472.jpg
2155,02155.jpg,473,00473.jpg
2156,02156.jpg,474,00474.jpg
2158,02158.jpg,475,00475.jpg
2159,02159.jpg,476,00476.jpg
2160,02160.jpg,477,00477.jpg
2161,02161.jpg,478,00478.jpg
2162,02162.jpg,479,00479.jpg
2163,02163.jpg,480,00480.jpg
2164,02164.jpg,481,00481.jpg
2165,02165.jpg,482,00482.jpg
2166,02166.jpg,483,00483.jpg
2167,02167.jpg,484,00484.jpg
2168,02168.jpg,485,00485.jpg
2169,02169.jpg,486,00486.jpg
2170,02170.jpg,487,00487.jpg
2171,02171.jpg,488,00488.jpg
2172,02172.jpg,489,00489.jpg
2173,02173.jpg,490,00490.jpg
2174,02174.jpg,491,00491.jpg
2175,02175.jpg,492,00492.jpg
2176,02176.jpg,493,00493.jpg
2177,02177.jpg,494,00494.jpg
2178,02178.jpg,495,00495.jpg
2179,02179.jpg,496,00496.jpg
2180,02180.jpg,497,00497.jpg
2181,02181.jpg,498,00498.jpg
2182,02182.jpg,499,00499.jpg
2183,02183.jpg,500,00500.jpg
2184,02184.jpg,501,00501.jpg
2185,02185.jpg,502,00502.jpg
2186,02186.jpg,503,00503.jpg
2187,02187.jpg,504,00504.jpg
2188,02188.jpg,505,00505.jpg
2189,02189.jpg,506,00506.jpg
2190,02190.jpg,507,00507.jpg
2191,02191.jpg,508,00508.jpg
2192,02192.jpg,509,00509.jpg
2193,02193.jpg,510,00510.jpg
2194,02194.jpg,511,00511.jpg
2195,02195.jpg,512,00512.jpg
2196,02196.jpg,513,00513.jpg
2197,02197.jpg,514,00514.jpg
2198,02198.jpg,515,00515.jpg
2199,02199.jpg,516,00516.jpg
2200,02200.jpg,517,00517.jpg
2201,02201.jpg,518,00518.jpg
2202,02202.jpg,519,00519.jpg
2203,02203.jpg,520,00520.jpg
2204,02204.jpg,521,00521.jpg
2205,02205.jpg,522,00522.jpg
2206,02206.jpg,523,00523.jpg
2207,02207.jpg,524,00524.jpg
2208,02208.jpg,525,00525.jpg
2209,02209.jpg,526,00526.jpg
2210,02210.jpg,527,00527.jpg
2211,02211.jpg,528,00528.jpg
2212,02212.jpg,529,00529.jpg
2213,02213.jpg,530,00530.jpg
2214,02214.jpg,531,00531.jpg
2215,02215.jpg,532,00532.jpg
2216,02216.jpg,533,00533.jpg
2217,02217.jpg,534,00534.jpg
2218,02218.jpg,535,00535.jpg
2219,02219.jpg,536,00536.jpg
2220,02220.jpg,537,00537.jpg
2221,02221.jpg,538,00538.jpg
2222,02222.jpg,539,00539.jpg
2223,02223.jpg,540,00540.jpg
2224,02224.jpg,541,00541.jpg
2225,02225.jpg,542,00542.jpg
2226,02226.jpg,543,00543.jpg
2227,02227.jpg,544,00544.jpg
2228,02228.jpg,545,00545.jpg
2229,02229.jpg,546,00546.jpg
2230,02230.jpg,547,00547.jpg
2232,02232.jpg,548,00548.jpg
2233,02233.jpg,549,00549.jpg
2234,02234.jpg,550,00550.jpg
2235,02235.jpg,551,00551.jpg
2237,02237.jpg,552,00552.jpg
2238,02238.jpg,553,00553.jpg
2239,02239.jpg,554,00554.jpg
2240,02240.jpg,555,00555.jpg
2241,02241.jpg,556,00556.jpg
2242,02242.jpg,557,00557.jpg
2243,02243.jpg,558,00558.jpg
2244,02244.jpg,559,00559.jpg
2245,02245.jpg,560,00560.jpg
2246,02246.jpg,561,00561.jpg
2247,02247.jpg,562,00562.jpg
2248,02248.jpg,563,00563.jpg
2249,02249.jpg,564,00564.jpg
2250,02250.jpg,565,00565.jpg
2251,02251.jpg,566,00566.jpg
2252,02252.jpg,567,00567.jpg
2253,02253.jpg,568,00568.jpg
2254,02254.jpg,569,00569.jpg
2255,02255.jpg,570,00570.jpg
2256,02256.jpg,571,00571.jpg
2257,02257.jpg,572,00572.jpg
2258,02258.jpg,573,00573.jpg
2259,02259.jpg,574,00574.jpg
2260,02260.jpg,575,00575.jpg
2261,02261.jpg,576,00576.jpg
2262,02262.jpg,577,00577.jpg
2263,02263.jpg,578,00578.jpg
2264,02264.jpg,579,00579.jpg
2265,02265.jpg,580,00580.jpg
2266,02266.jpg,581,00581.jpg
2267,02267.jpg,582,00582.jpg
2268,02268.jpg,583,00583.jpg
2269,02269.jpg,584,00584.jpg
2270,02270.jpg,585,00585.jpg
2271,02271.jpg,586,00586.jpg
2272,02272.jpg,587,00587.jpg
2273,02273.jpg,588,00588.jpg
2274,02274.jpg,589,00589.jpg
2275,02275.jpg,590,00590.jpg
2276,02276.jpg,591,00591.jpg
2277,02277.jpg,592,00592.jpg
2278,02278.jpg,593,00593.jpg
2279,02279.jpg,594,00594.jpg
2280,02280.jpg,595,00595.jpg
2281,02281.jpg,596,00596.jpg
2282,02282.jpg,597,00597.jpg
2283,02283.jpg,598,00598.jpg
2284,02284.jpg,599,00599.jpg
2285,02285.jpg,600,00600.jpg
2286,02286.jpg,601,00601.jpg
2287,02287.jpg,602,00602.jpg
2288,02288.jpg,603,00603.jpg
2289,02289.jpg,604,00604.jpg
2290,02290.jpg,605,00605.jpg
2291,02291.jpg,606,00606.jpg
2292,02292.jpg,607,00607.jpg
2293,02293.jpg,608,00608.jpg
2294,02294.jpg,609,00609.jpg
2295,02295.jpg,610,00610.jpg
2296,02296.jpg,611,00611.jpg
2297,02297.jpg,612,00612.jpg
2298,02298.jpg,613,00613.jpg
2299,02299.jpg,614,00614.jpg
2300,02300.jpg,615,00615.jpg
2301,02301.jpg,616,00616.jpg
2302,02302.jpg,617,00617.jpg
2303,02303.jpg,618,00618.jpg
2304,02304.jpg,619,00619.jpg
2305,02305.jpg,620,00620.jpg
2306,02306.jpg,621,00621.jpg
2307,02307.jpg,622,00622.jpg
2308,02308.jpg,623,00623.jpg
2309,02309.jpg,624,00624.jpg
2310,02310.jpg,625,00625.jpg
2311,02311.jpg,626,00626.jpg
2312,02312.jpg,627,00627.jpg
2313,02313.jpg,628,00628.jpg
2314,02314.jpg,629,00629.jpg
2315,02315.jpg,630,00630.jpg
2316,02316.jpg,631,00631.jpg
2317,02317.jpg,632,00632.jpg
2318,02318.jpg,633,00633.jpg
2319,02319.jpg,634,00634.jpg
2320,02320.jpg,635,00635.jpg
2321,02321.jpg,636,00636.jpg
2322,02322.jpg,637,00637.jpg
2323,02323.jpg,638,00638.jpg
2324,02324.jpg,639,00639.jpg
2325,02325.jpg,640,00640.jpg
2326,02326.jpg,641,00641.jpg
2327,02327.jpg,642,00642.jpg
2328,02328.jpg,643,00643.jpg
2329,02329.jpg,644,00644.jpg
2330,02330.jpg,645,00645.jpg
2331,02331.jpg,646,00646.jpg
2332,02332.jpg,647,00647.jpg
2333,02333.jpg,648,00648.jpg
2334,02334.jpg,649,00649.jpg
2335,02335.jpg,650,00650.jpg
2336,02336.jpg,651,00651.jpg
2337,02337.jpg,652,00652.jpg
2338,02338.jpg,653,00653.jpg
2339,02339.jpg,654,00654.jpg
2340,02340.jpg,655,00655.jpg
2341,02341.jpg,656,00656.jpg
2342,02342.jpg,657,00657.jpg
2343,02343.jpg,658,00658.jpg
2344,02344.jpg,659,00659.jpg
2345,02345.jpg,660,00660.jpg
2346,02346.jpg,661,00661.jpg
2347,02347.jpg,662,00662.jpg
2348,02348.jpg,663,00663.jpg
2349,02349.jpg,664,00664.jpg
2350,02350.jpg,665,00665.jpg
2351,02351.jpg,666,00666.jpg
2352,02352.jpg,667,00667.jpg
2353,02353.jpg,668,00668.jpg
2354,02354.jpg,669,00669.jpg
2355,02355.jpg,670,00670.jpg
2356,02356.jpg,671,00671.jpg
2357,02357.jpg,672,00672.jpg
2358,02358.jpg,673,00673.jpg
2359,02359.jpg,674,00674.jpg
2360,02360.jpg,675,00675.jpg
2361,02361.jpg,676,00676.jpg
2362,02362.jpg,677,00677.jpg
2363,02363.jpg,678,00678.jpg
2364,02364.jpg,679,00679.jpg
2365,02365.jpg,680,00680.jpg
2366,02366.jpg,681,00681.jpg
2367,02367.jpg,682,00682.jpg
2368,02368.jpg,683,00683.jpg
2369,02369.jpg,684,00684.jpg
2370,02370.jpg,685,00685.jpg
2371,02371.jpg,686,00686.jpg
2372,02372.jpg,687,00687.jpg
2373,02373.jpg,688,00688.jpg
2374,02374.jpg,689,00689.jpg
2375,02375.jpg,690,00690.jpg
2376,02376.jpg,691,00691.jpg
2377,02377.jpg,692,00692.jpg
2378,02378.jpg,693,00693.jpg
2379,02379.jpg,694,00694.jpg
2380,02380.jpg,695,00695.jpg
2381,02381.jpg,696,00696.jpg
2382,02382.jpg,697,00697.jpg
2383,02383.jpg,698,00698.jpg
2384,02384.jpg,699,00699.jpg
2385,02385.jpg,700,00700.jpg
2386,02386.jpg,701,00701.jpg
2387,02387.jpg,702,00702.jpg
2388,02388.jpg,703,00703.jpg
2389,02389.jpg,704,00704.jpg
2390,02390.jpg,705,00705.jpg
2391,02391.jpg,706,00706.jpg
2392,02392.jpg,707,00707.jpg
2393,02393.jpg,708,00708.jpg
2394,02394.jpg,709,00709.jpg
2395,02395.jpg,710,00710.jpg
2396,02396.jpg,711,00711.jpg
2397,02397.jpg,712,00712.jpg
2398,02398.jpg,713,00713.jpg
2399,02399.jpg,714,00714.jpg
2400,02400.jpg,715,00715.jpg
2401,02401.jpg,716,00716.jpg
2402,02402.jpg,717,00717.jpg
2403,02403.jpg,718,00718.jpg
2404,02404.jpg,719,00719.jpg
2405,02405.jpg,720,00720.jpg
2406,02406.jpg,721,00721.jpg
2407,02407.jpg,722,00722.jpg
2408,02408.jpg,723,00723.jpg
2409,02409.jpg,724,00724.jpg
2410,02410.jpg,725,00725.jpg
2411,02411.jpg,726,00726.jpg
2412,02412.jpg,727,00727.jpg
2413,02413.jpg,728,00728.jpg
2414,02414.jpg,729,00729.jpg
2415,02415.jpg,730,00730.jpg
2416,02416.jpg,731,00731.jpg
2417,02417.jpg,732,00732.jpg
2418,02418.jpg,733,00733.jpg
2419,02419.jpg,734,00734.jpg
2420,02420.jpg,735,00735.jpg
2421,02421.jpg,736,00736.jpg
2422,02422.jpg,737,00737.jpg
2423,02423.jpg,738,00738.jpg
2424,02424.jpg,739,00739.jpg
2425,02425.jpg,740,00740.jpg
2426,02426.jpg,741,00741.jpg
2427,02427.jpg,742,00742.jpg
2428,02428.jpg,743,00743.jpg
2429,02429.jpg,744,00744.jpg
2430,02430.jpg,745,00745.jpg
2431,02431.jpg,746,00746.jpg
2432,02432.jpg,747,00747.jpg
2433,02433.jpg,748,00748.jpg
2434,02434.jpg,749,00749.jpg
2435,02435.jpg,750,00750.jpg
2436,02436.jpg,751,00751.jpg
2437,02437.jpg,752,00752.jpg
2438,02438.jpg,753,00753.jpg
2439,02439.jpg,754,00754.jpg
2440,02440.jpg,755,00755.jpg
2441,02441.jpg,756,00756.jpg
2442,02442.jpg,757,00757.jpg
2443,02443.jpg,758,00758.jpg
2444,02444.jpg,759,00759.jpg
2445,02445.jpg,760,00760.jpg
2446,02446.jpg,761,00761.jpg
2447,02447.jpg,762,00762.jpg
2448,02448.jpg,763,00763.jpg
2449,02449.jpg,764,00764.jpg
2450,02450.jpg,765,00765.jpg
2451,02451.jpg,766,00766.jpg
2452,02452.jpg,767,00767.jpg
2453,02453.jpg,768,00768.jpg
2454,02454.jpg,769,00769.jpg
2455,02455.jpg,770,00770.jpg
2456,02456.jpg,771,00771.jpg
2457,02457.jpg,772,00772.jpg
2458,02458.jpg,773,00773.jpg
2459,02459.jpg,774,00774.jpg
2460,02460.jpg,775,00775.jpg
2461,02461.jpg,776,00776.jpg
2462,02462.jpg,777,00777.jpg
2463,02463.jpg,778,00778.jpg
2464,02464.jpg,779,00779.jpg
2465,02465.jpg,780,00780.jpg
2466,02466.jpg,781,00781.jpg
2467,02467.jpg,782,00782.jpg
2468,02468.jpg,783,00783.jpg
2469,02469.jpg,784,00784.jpg
2470,02470.jpg,785,00785.jpg
2471,02471.jpg,786,00786.jpg
2472,02472.jpg,787,00787.jpg
2473,02473.jpg,788,00788.jpg
2474,02474.jpg,789,00789.jpg
2475,02475.jpg,790,00790.jpg
2476,02476.jpg,791,00791.jpg
2477,02477.jpg,792,00792.jpg
2478,02478.jpg,793,00793.jpg
2479,02479.jpg,794,00794.jpg
2480,02480.jpg,795,00795.jpg
2481,02481.jpg,796,00796.jpg
2482,02482.jpg,797,00797.jpg
2483,02483.jpg,798,00798.jpg
2484,02484.jpg,799,00799.jpg
2485,02485.jpg,800,00800.jpg
2486,02486.jpg,801,00801.jpg
2487,02487.jpg,802,00802.jpg
2488,02488.jpg,803,00803.jpg
2489,02489.jpg,804,00804.jpg
2490,02490.jpg,805,00805.jpg
2491,02491.jpg,806,00806.jpg
2492,02492.jpg,807,00807.jpg
2493,02493.jpg,808,00808.jpg
2494,02494.jpg,809,00809.jpg
2495,02495.jpg,810,00810.jpg
2496,02496.jpg,811,00811.jpg
2497,02497.jpg,812,00812.jpg
2498,02498.jpg,813,00813.jpg
2499,02499.jpg,814,00814.jpg
2500,02500.jpg,815,00815.jpg
2501,02501.jpg,816,00816.jpg
2502,02502.jpg,817,00817.jpg
2503,02503.jpg,818,00818.jpg
2504,02504.jpg,819,00819.jpg
2505,02505.jpg,820,00820.jpg
2506,02506.jpg,821,00821.jpg
2507,02507.jpg,822,00822.jpg
2508,02508.jpg,823,00823.jpg
2509,02509.jpg,824,00824.jpg
2510,02510.jpg,825,00825.jpg
2511,02511.jpg,826,00826.jpg
2512,02512.jpg,827,00827.jpg
2513,02513.jpg,828,00828.jpg
2514,02514.jpg,829,00829.jpg
2515,02515.jpg,830,00830.jpg
2516,02516.jpg,831,00831.jpg
2517,02517.jpg,832,00832.jpg
2518,02518.jpg,833,00833.jpg
2519,02519.jpg,834,00834.jpg
2520,02520.jpg,835,00835.jpg
2521,02521.jpg,836,00836.jpg
2522,02522.jpg,837,00837.jpg
2523,02523.jpg,838,00838.jpg
2524,02524.jpg,839,00839.jpg
2525,02525.jpg,840,00840.jpg
2526,02526.jpg,841,00841.jpg
2527,02527.jpg,842,00842.jpg
2528,02528.jpg,843,00843.jpg
2529,02529.jpg,844,00844.jpg
2530,02530.jpg,845,00845.jpg
2531,02531.jpg,846,00846.jpg
2532,02532.jpg,847,00847.jpg
2533,02533.jpg,848,00848.jpg
2534,02534.jpg,849,00849.jpg
2535,02535.jpg,850,00850.jpg
2536,02536.jpg,851,00851.jpg
2537,02537.jpg,852,00852.jpg
2538,02538.jpg,853,00853.jpg
2539,02539.jpg,854,00854.jpg
2540,02540.jpg,855,00855.jpg
2541,02541.jpg,856,00856.jpg
2542,02542.jpg,857,00857.jpg
2543,02543.jpg,858,00858.jpg
2544,02544.jpg,859,00859.jpg
2545,02545.jpg,860,00860.jpg
2546,02546.jpg,861,00861.jpg
2547,02547.jpg,862,00862.jpg
2548,02548.jpg,863,00863.jpg
2549,02549.jpg,864,00864.jpg
2550,02550.jpg,865,00865.jpg
2551,02551.jpg,866,00866.jpg
2552,02552.jpg,867,00867.jpg
2553,02553.jpg,868,00868.jpg
2554,02554.jpg,869,00869.jpg
2555,02555.jpg,870,00870.jpg
2556,02556.jpg,871,00871.jpg
2557,02557.jpg,872,00872.jpg
2558,02558.jpg,873,00873.jpg
2559,02559.jpg,874,00874.jpg
2560,02560.jpg,875,00875.jpg
2561,02561.jpg,876,00876.jpg
2562,02562.jpg,877,00877.jpg
2563,02563.jpg,878,00878.jpg
2564,02564.jpg,879,00879.jpg
2565,02565.jpg,880,00880.jpg
2566,02566.jpg,881,00881.jpg
2567,02567.jpg,882,00882.jpg
2568,02568.jpg,883,00883.jpg
2569,02569.jpg,884,00884.jpg
2570,02570.jpg,885,00885.jpg
2571,02571.jpg,886,00886.jpg
2572,02572.jpg,887,00887.jpg
2573,02573.jpg,888,00888.jpg
2574,02574.jpg,889,00889.jpg
2575,02575.jpg,890,00890.jpg
2576,02576.jpg,891,00891.jpg
2577,02577.jpg,892,00892.jpg
2578,02578.jpg,893,00893.jpg
2579,02579.jpg,894,00894.jpg
2580,02580.jpg,895,00895.jpg
2581,02581.jpg,896,00896.jpg
2582,02582.jpg,897,00897.jpg
2583,02583.jpg,898,00898.jpg
2584,02584.jpg,899,00899.jpg
2585,02585.jpg,900,00900.jpg
2586,02586.jpg,901,00901.jpg
2587,02587.jpg,902,00902.jpg
2588,02588.jpg,903,00903.jpg
2589,02589.jpg,904,00904.jpg
2590,02590.jpg,905,00905.jpg
2591,02591.jpg,906,00906.jpg
2592,02592.jpg,907,00907.jpg
2593,02593.jpg,908,00908.jpg
2594,02594.jpg,909,00909.jpg
2595,02595.jpg,910,00910.jpg
2596,02596.jpg,911,00911.jpg
2597,02597.jpg,912,00912.jpg
2598,02598.jpg,913,00913.jpg
2599,02599.jpg,914,00914.jpg
2600,02600.jpg,915,00915.jpg
2601,02601.jpg,916,00916.jpg
2602,02602.jpg,917,00917.jpg
2603,02603.jpg,918,00918.jpg
2604,02604.jpg,919,00919.jpg
2605,02605.jpg,920,00920.jpg
2606,02606.jpg,921,00921.jpg
2607,02607.jpg,922,00922.jpg
2608,02608.jpg,923,00923.jpg
2609,02609.jpg,924,00924.jpg
2610,02610.jpg,925,00925.jpg
2611,02611.jpg,926,00926.jpg
2612,02612.jpg,927,00927.jpg
2613,02613.jpg,928,00928.jpg
2614,02614.jpg,929,00929.jpg
2615,02615.jpg,930,00930.jpg
2616,02616.jpg,931,00931.jpg
2617,02617.jpg,932,00932.jpg
2618,02618.jpg,933,00933.jpg
2619,02619.jpg,934,00934.jpg
2620,02620.jpg,935,00935.jpg
2621,02621.jpg,936,00936.jpg
2622,02622.jpg,937,00937.jpg
2623,02623.jpg,938,00938.jpg
2624,02624.jpg,939,00939.jpg
2625,02625.jpg,940,00940.jpg
2626,02626.jpg,941,00941.jpg
2627,02627.jpg,942,00942.jpg
2628,02628.jpg,943,00943.jpg
2629,02629.jpg,944,00944.jpg
2630,02630.jpg,945,00945.jpg
2631,02631.jpg,946,00946.jpg
2632,02632.jpg,947,00947.jpg
2633,02633.jpg,948,00948.jpg
2634,02634.jpg,949,00949.jpg
2635,02635.jpg,950,00950.jpg
2636,02636.jpg,951,00951.jpg
2637,02637.jpg,952,00952.jpg
2638,02638.jpg,953,00953.jpg
2639,02639.jpg,954,00954.jpg
2640,02640.jpg,955,00955.jpg
2641,02641.jpg,956,00956.jpg
2642,02642.jpg,957,00957.jpg
2643,02643.jpg,958,00958.jpg
2644,02644.jpg,959,00959.jpg
2645,02645.jpg,960,00960.jpg
2646,02646.jpg,961,00961.jpg
2647,02647.jpg,962,00962.jpg
2648,02648.jpg,963,00963.jpg
2649,02649.jpg,964,00964.jpg
2650,02650.jpg,965,00965.jpg
2651,02651.jpg,966,00966.jpg
2652,02652.jpg,967,00967.jpg
2653,02653.jpg,968,00968.jpg
2654,02654.jpg,969,00969.jpg
2655,02655.jpg,970,00970.jpg
2656,02656.jpg,971,00971.jpg
2657,02657.jpg,972,00972.jpg
2658,02658.jpg,973,00973.jpg
2659,02659.jpg,974,00974.jpg
2660,02660.jpg,975,00975.jpg
2661,02661.jpg,976,00976.jpg
2662,02662.jpg,977,00977.jpg
2663,02663.jpg,978,00978.jpg
2664,02664.jpg,979,00979.jpg
2665,02665.jpg,980,00980.jpg
2666,02666.jpg,981,00981.jpg
2667,02667.jpg,982,00982.jpg
2668,02668.jpg,983,00983.jpg
2669,02669.jpg,984,00984.jpg
2670,02670.jpg,985,00985.jpg
2671,02671.jpg,986,00986.jpg
2672,02672.jpg,987,00987.jpg
2673,02673.jpg,988,00988.jpg
2674,02674.jpg,989,00989.jpg
2675,02675.jpg,990,00990.jpg
2676,02676.jpg,991,00991.jpg
2677,02677.jpg,992,00992.jpg
2678,02678.jpg,993,00993.jpg
2679,02679.jpg,994,00994.jpg
2680,02680.jpg,995,00995.jpg
2681,02681.jpg,996,00996.jpg
2682,02682.jpg,997,00997.jpg
2683,02683.jpg,998,00998.jpg
2684,02684.jpg,999,00999.jpg
2685,02685.jpg,1000,01000.jpg
2686,02686.jpg,1001,01001.jpg
2687,02687.jpg,1002,01002.jpg
2688,02688.jpg,1003,01003.jpg
2689,02689.jpg,1004,01004.jpg
2690,02690.jpg,1005,01005.jpg
2691,02691.jpg,1006,01006.jpg
2692,02692.jpg,1007,01007.jpg
2693,02693.jpg,1008,01008.jpg
2694,02694.jpg,1009,01009.jpg
2695,02695.jpg,1010,01010.jpg
2696,02696.jpg,1011,01011.jpg
2697,02697.jpg,1012,01012.jpg
2698,02698.jpg,1013,01013.jpg
2699,02699.jpg,1014,01014.jpg
2700,02700.jpg,1015,01015.jpg
2701,02701.jpg,1016,01016.jpg
2703,02703.jpg,1017,01017.jpg
2704,02704.jpg,1018,01018.jpg
2705,02705.jpg,1019,01019.jpg
2706,02706.jpg,1020,01020.jpg
2707,02707.jpg,1021,01021.jpg
2708,02708.jpg,1022,01022.jpg
2709,02709.jpg,1023,01023.jpg
2710,02710.jpg,1024,01024.jpg
2711,02711.jpg,1025,01025.jpg
2712,02712.jpg,1026,01026.jpg
2713,02713.jpg,1027,01027.jpg
2714,02714.jpg,1028,01028.jpg
2715,02715.jpg,1029,01029.jpg
2716,02716.jpg,1030,01030.jpg
2717,02717.jpg,1031,01031.jpg
2718,02718.jpg,1032,01032.jpg
2719,02719.jpg,1033,01033.jpg
2720,02720.jpg,1034,01034.jpg
2721,02721.jpg,1035,01035.jpg
2722,02722.jpg,1036,01036.jpg
2723,02723.jpg,1037,01037.jpg
2724,02724.jpg,1038,01038.jpg
2725,02725.jpg,1039,01039.jpg
2726,02726.jpg,1040,01040.jpg
2727,02727.jpg,1041,01041.jpg
2728,02728.jpg,1042,01042.jpg
2729,02729.jpg,1043,01043.jpg
2730,02730.jpg,1044,01044.jpg
2731,02731.jpg,1045,01045.jpg
2732,02732.jpg,1046,01046.jpg
2733,02733.jpg,1047,01047.jpg
2734,02734.jpg,1048,01048.jpg
2735,02735.jpg,1049,01049.jpg
2736,02736.jpg,1050,01050.jpg
2737,02737.jpg,1051,01051.jpg
2738,02738.jpg,1052,01052.jpg
2739,02739.jpg,1053,01053.jpg
2740,02740.jpg,1054,01054.jpg
2741,02741.jpg,1055,01055.jpg
2742,02742.jpg,1056,01056.jpg
2743,02743.jpg,1057,01057.jpg
2744,02744.jpg,1058,01058.jpg
2745,02745.jpg,1059,01059.jpg
2746,02746.jpg,1060,01060.jpg
2747,02747.jpg,1061,01061.jpg
2748,02748.jpg,1062,01062.jpg
2749,02749.jpg,1063,01063.jpg
2750,02750.jpg,1064,01064.jpg
2751,02751.jpg,1065,01065.jpg
2752,02752.jpg,1066,01066.jpg
2753,02753.jpg,1067,01067.jpg
2754,02754.jpg,1068,01068.jpg
2755,02755.jpg,1069,01069.jpg
2756,02756.jpg,1070,01070.jpg
2757,02757.jpg,1071,01071.jpg
2758,02758.jpg,1072,01072.jpg
2759,02759.jpg,1073,01073.jpg
2760,02760.jpg,1074,01074.jpg
2761,02761.jpg,1075,01075.jpg
2762,02762.jpg,1076,01076.jpg
2763,02763.jpg,1077,01077.jpg
2764,02764.jpg,1078,01078.jpg
2765,02765.jpg,1079,01079.jpg
2766,02766.jpg,1080,01080.jpg
2767,02767.jpg,1081,01081.jpg
2768,02768.jpg,1082,01082.jpg
2769,02769.jpg,1083,01083.jpg
2770,02770.jpg,1084,01084.jpg
2771,02771.jpg,1085,01085.jpg
2772,02772.jpg,1086,01086.jpg
2773,02773.jpg,1087,01087.jpg
2774,02774.jpg,1088,01088.jpg
2775,02775.jpg,1089,01089.jpg
2776,02776.jpg,1090,01090.jpg
2777,02777.jpg,1091,01091.jpg
2778,02778.jpg,1092,01092.jpg
2779,02779.jpg,1093,01093.jpg
2780,02780.jpg,1094,01094.jpg
2781,02781.jpg,1095,01095.jpg
2782,02782.jpg,1096,01096.jpg
2783,02783.jpg,1097,01097.jpg
2784,02784.jpg,1098,01098.jpg
2785,02785.jpg,1099,01099.jpg
2786,02786.jpg,1100,01100.jpg
2787,02787.jpg,1101,01101.jpg
2788,02788.jpg,1102,01102.jpg
2789,02789.jpg,1103,01103.jpg
2790,02790.jpg,1104,01104.jpg
2791,02791.jpg,1105,01105.jpg
2792,02792.jpg,1106,01106.jpg
2793,02793.jpg,1107,01107.jpg
2794,02794.jpg,1108,01108.jpg
2795,02795.jpg,1109,01109.jpg
2796,02796.jpg,1110,01110.jpg
2797,02797.jpg,1111,01111.jpg
2798,02798.jpg,1112,01112.jpg
2799,02799.jpg,1113,01113.jpg
2800,02800.jpg,1114,01114.jpg
2801,02801.jpg,1115,01115.jpg
2802,02802.jpg,1116,01116.jpg
2803,02803.jpg,1117,01117.jpg
2804,02804.jpg,1118,01118.jpg
2805,02805.jpg,1119,01119.jpg
2806,02806.jpg,1120,01120.jpg
2807,02807.jpg,1121,01121.jpg
2808,02808.jpg,1122,01122.jpg
2809,02809.jpg,1123,01123.jpg
2810,02810.jpg,1124,01124.jpg
2811,02811.jpg,1125,01125.jpg
2812,02812.jpg,1126,01126.jpg
2813,02813.jpg,1127,01127.jpg
2814,02814.jpg,1128,01128.jpg
2815,02815.jpg,1129,01129.jpg
2816,02816.jpg,1130,01130.jpg
2817,02817.jpg,1131,01131.jpg
2818,02818.jpg,1132,01132.jpg
2819,02819.jpg,1133,01133.jpg
2820,02820.jpg,1134,01134.jpg
2821,02821.jpg,1135,01135.jpg
2822,02822.jpg,1136,01136.jpg
2823,02823.jpg,1137,01137.jpg
2824,02824.jpg,1138,01138.jpg
2825,02825.jpg,1139,01139.jpg
2826,02826.jpg,1140,01140.jpg
2827,02827.jpg,1141,01141.jpg
2828,02828.jpg,1142,01142.jpg
2829,02829.jpg,1143,01143.jpg
2830,02830.jpg,1144,01144.jpg
2831,02831.jpg,1145,01145.jpg
2832,02832.jpg,1146,01146.jpg
2833,02833.jpg,1147,01147.jpg
2834,02834.jpg,1148,01148.jpg
2835,02835.jpg,1149,01149.jpg
2836,02836.jpg,1150,01150.jpg
2837,02837.jpg,1151,01151.jpg
2838,02838.jpg,1152,01152.jpg
2839,02839.jpg,1153,01153.jpg
2840,02840.jpg,1154,01154.jpg
2841,02841.jpg,1155,01155.jpg
2842,02842.jpg,1156,01156.jpg
2843,02843.jpg,1157,01157.jpg
2844,02844.jpg,1158,01158.jpg
2845,02845.jpg,1159,01159.jpg
2846,02846.jpg,1160,01160.jpg
2847,02847.jpg,1161,01161.jpg
2848,02848.jpg,1162,01162.jpg
2849,02849.jpg,1163,01163.jpg
2850,02850.jpg,1164,01164.jpg
2851,02851.jpg,1165,01165.jpg
2852,02852.jpg,1166,01166.jpg
2853,02853.jpg,1167,01167.jpg
2854,02854.jpg,1168,01168.jpg
2855,02855.jpg,1169,01169.jpg
2856,02856.jpg,1170,01170.jpg
2857,02857.jpg,1171,01171.jpg
2858,02858.jpg,1172,01172.jpg
2859,02859.jpg,1173,01173.jpg
2860,02860.jpg,1174,01174.jpg
2861,02861.jpg,1175,01175.jpg
2862,02862.jpg,1176,01176.jpg
2863,02863.jpg,1177,01177.jpg
2864,02864.jpg,1178,01178.jpg
2865,02865.jpg,1179,01179.jpg
2866,02866.jpg,1180,01180.jpg
3282,03282.jpg,1181,01181.jpg
3283,03283.jpg,1182,01182.jpg
3284,03284.jpg,1183,01183.jpg
3285,03285.jpg,1184,01184.jpg
3286,03286.jpg,1185,01185.jpg
3287,03287.jpg,1186,01186.jpg
3288,03288.jpg,1187,01187.jpg
3289,03289.jpg,1188,01188.jpg
3290,03290.jpg,1189,01189.jpg
3291,03291.jpg,1190,01190.jpg
3292,03292.jpg,1191,01191.jpg
3293,03293.jpg,1192,01192.jpg
3294,03294.jpg,1193,01193.jpg
3295,03295.jpg,1194,01194.jpg
3296,03296.jpg,1195,01195.jpg
3297,03297.jpg,1196,01196.jpg
3298,03298.jpg,1197,01197.jpg
3299,03299.jpg,1198,01198.jpg
3300,03300.jpg,1199,01199.jpg
3301,03301.jpg,1200,01200.jpg
3302,03302.jpg,1201,01201.jpg
3303,03303.jpg,1202,01202.jpg
3304,03304.jpg,1203,01203.jpg
3305,03305.jpg,1204,01204.jpg
3306,03306.jpg,1205,01205.jpg
3307,03307.jpg,1206,01206.jpg
3308,03308.jpg,1207,01207.jpg
3309,03309.jpg,1208,01208.jpg
3310,03310.jpg,1209,01209.jpg
3311,03311.jpg,1210,01210.jpg
3312,03312.jpg,1211,01211.jpg
3313,03313.jpg,1212,01212.jpg
3314,03314.jpg,1213,01213.jpg
3315,03315.jpg,1214,01214.jpg
3316,03316.jpg,1215,01215.jpg
3317,03317.jpg,1216,01216.jpg
3318,03318.jpg,1217,01217.jpg
3319,03319.jpg,1218,01218.jpg
3320,03320.jpg,1219,01219.jpg
3321,03321.jpg,1220,01220.jpg
3322,03322.jpg,1221,01221.jpg
3323,03323.jpg,1222,01222.jpg
3324,03324.jpg,1223,01223.jpg
3325,03325.jpg,1224,01224.jpg
3326,03326.jpg,1225,01225.jpg
3327,03327.jpg,1226,01226.jpg
3328,03328.jpg,1227,01227.jpg
3329,03329.jpg,1228,01228.jpg
3330,03330.jpg,1229,01229.jpg
3331,03331.jpg,1230,01230.jpg
3332,03332.jpg,1231,01231.jpg
3333,03333.jpg,1232,01232.jpg
3334,03334.jpg,1233,01233.jpg
3335,03335.jpg,1234,01234.jpg
3336,03336.jpg,1235,01235.jpg
3337,03337.jpg,1236,01236.jpg
3338,03338.jpg,1237,01237.jpg
3339,03339.jpg,1238,01238.jpg
3340,03340.jpg,1239,01239.jpg
3341,03341.jpg,1240,01240.jpg
3342,03342.jpg,1241,01241.jpg
3343,03343.jpg,1242,01242.jpg
3344,03344.jpg,1243,01243.jpg
3345,03345.jpg,1244,01244.jpg
3346,03346.jpg,1245,01245.jpg
3347,03347.jpg,1246,01246.jpg
3348,03348.jpg,1247,01247.jpg
3349,03349.jpg,1248,01248.jpg
3350,03350.jpg,1249,01249.jpg
3351,03351.jpg,1250,01250.jpg
3352,03352.jpg,1251,01251.jpg
3353,03353.jpg,1252,01252.jpg
3354,03354.jpg,1253,01253.jpg
3355,03355.jpg,1254,01254.jpg
3356,03356.jpg,1255,01255.jpg
3357,03357.jpg,1256,01256.jpg
3358,03358.jpg,1257,01257.jpg
3359,03359.jpg,1258,01258.jpg
3360,03360.jpg,1259,01259.jpg
3361,03361.jpg,1260,01260.jpg
3362,03362.jpg,1261,01261.jpg
3363,03363.jpg,1262,01262.jpg
3364,03364.jpg,1263,01263.jpg
3365,03365.jpg,1264,01264.jpg
3366,03366.jpg,1265,01265.jpg
3367,03367.jpg,1266,01266.jpg
3368,03368.jpg,1267,01267.jpg
3369,03369.jpg,1268,01268.jpg
3370,03370.jpg,1269,01269.jpg
3371,03371.jpg,1270,01270.jpg
3372,03372.jpg,1271,01271.jpg
3373,03373.jpg,1272,01272.jpg
3374,03374.jpg,1273,01273.jpg
3375,03375.jpg,1274,01274.jpg
3376,03376.jpg,1275,01275.jpg
3377,03377.jpg,1276,01276.jpg
3378,03378.jpg,1277,01277.jpg
3379,03379.jpg,1278,01278.jpg
3380,03380.jpg,1279,01279.jpg
3381,03381.jpg,1280,01280.jpg
3382,03382.jpg,1281,01281.jpg
3383,03383.jpg,1282,01282.jpg
3384,03384.jpg,1283,01283.jpg
3385,03385.jpg,1284,01284.jpg
3386,03386.jpg,1285,01285.jpg
3387,03387.jpg,1286,01286.jpg
3388,03388.jpg,1287,01287.jpg
3389,03389.jpg,1288,01288.jpg
3390,03390.jpg,1289,01289.jpg
3391,03391.jpg,1290,01290.jpg
3392,03392.jpg,1291,01291.jpg
3393,03393.jpg,1292,01292.jpg
3394,03394.jpg,1293,01293.jpg
3395,03395.jpg,1294,01294.jpg
3396,03396.jpg,1295,01295.jpg
3397,03397.jpg,1296,01296.jpg
3398,03398.jpg,1297,01297.jpg
3399,03399.jpg,1298,01298.jpg
3400,03400.jpg,1299,01299.jpg
3401,03401.jpg,1300,01300.jpg
3402,03402.jpg,1301,01301.jpg
3403,03403.jpg,1302,01302.jpg
3404,03404.jpg,1303,01303.jpg
3405,03405.jpg,1304,01304.jpg
3406,03406.jpg,1305,01305.jpg
3407,03407.jpg,1306,01306.jpg
3408,03408.jpg,1307,01307.jpg
3409,03409.jpg,1308,01308.jpg
3410,03410.jpg,1309,01309.jpg
3411,03411.jpg,1310,01310.jpg
3412,03412.jpg,1311,01311.jpg
3413,03413.jpg,1312,01312.jpg
3414,03414.jpg,1313,01313.jpg
3415,03415.jpg,1314,01314.jpg
3416,03416.jpg,1315,01315.jpg
3417,03417.jpg,1316,01316.jpg
3418,03418.jpg,1317,01317.jpg
3419,03419.jpg,1318,01318.jpg
3420,03420.jpg,1319,01319.jpg
3421,03421.jpg,1320,01320.jpg
3422,03422.jpg,1321,01321.jpg
3423,03423.jpg,1322,01322.jpg
3424,03424.jpg,1323,01323.jpg
3425,03425.jpg,1324,01324.jpg
3426,03426.jpg,1325,01325.jpg
3427,03427.jpg,1326,01326.jpg
3428,03428.jpg,1327,01327.jpg
3429,03429.jpg,1328,01328.jpg
3430,03430.jpg,1329,01329.jpg
3431,03431.jpg,1330,01330.jpg
3432,03432.jpg,1331,01331.jpg
3433,03433.jpg,1332,01332.jpg
3434,03434.jpg,1333,01333.jpg
3435,03435.jpg,1334,01334.jpg
3436,03436.jpg,1335,01335.jpg
3437,03437.jpg,1336,01336.jpg
3438,03438.jpg,1337,01337.jpg
3439,03439.jpg,1338,01338.jpg
3440,03440.jpg,1339,01339.jpg
3441,03441.jpg,1340,01340.jpg
3442,03442.jpg,1341,01341.jpg
3443,03443.jpg,1342,01342.jpg
3444,03444.jpg,1343,01343.jpg
3446,03446.jpg,1344,01344.jpg
3447,03447.jpg,1345,01345.jpg
3448,03448.jpg,1346,01346.jpg
3449,03449.jpg,1347,01347.jpg
3450,03450.jpg,1348,01348.jpg
3451,03451.jpg,1349,01349.jpg
3452,03452.jpg,1350,01350.jpg
3453,03453.jpg,1351,01351.jpg
3454,03454.jpg,1352,01352.jpg
3455,03455.jpg,1353,01353.jpg
3456,03456.jpg,1354,01354.jpg
3457,03457.jpg,1355,01355.jpg
3458,03458.jpg,1356,01356.jpg
3460,03460.jpg,1357,01357.jpg
3461,03461.jpg,1358,01358.jpg
3462,03462.jpg,1359,01359.jpg
3463,03463.jpg,1360,01360.jpg
3464,03464.jpg,1361,01361.jpg
3465,03465.jpg,1362,01362.jpg
3466,03466.jpg,1363,01363.jpg
3468,03468.jpg,1364,01364.jpg
3469,03469.jpg,1365,01365.jpg
3470,03470.jpg,1366,01366.jpg
3471,03471.jpg,1367,01367.jpg
3472,03472.jpg,1368,01368.jpg
3473,03473.jpg,1369,01369.jpg
3474,03474.jpg,1370,01370.jpg
3475,03475.jpg,1371,01371.jpg
3476,03476.jpg,1372,01372.jpg
3478,03478.jpg,1373,01373.jpg
3479,03479.jpg,1374,01374.jpg
3480,03480.jpg,1375,01375.jpg
3481,03481.jpg,1376,01376.jpg
3482,03482.jpg,1377,01377.jpg
3483,03483.jpg,1378,01378.jpg
3484,03484.jpg,1379,01379.jpg
3485,03485.jpg,1380,01380.jpg
3486,03486.jpg,1381,01381.jpg
3487,03487.jpg,1382,01382.jpg
3488,03488.jpg,1383,01383.jpg
3489,03489.jpg,1384,01384.jpg
3490,03490.jpg,1385,01385.jpg
3491,03491.jpg,1386,01386.jpg
3492,03492.jpg,1387,01387.jpg
3494,03494.jpg,1388,01388.jpg
3495,03495.jpg,1389,01389.jpg
3496,03496.jpg,1390,01390.jpg
3497,03497.jpg,1391,01391.jpg
3498,03498.jpg,1392,01392.jpg
3499,03499.jpg,1393,01393.jpg
3500,03500.jpg,1394,01394.jpg
3501,03501.jpg,1395,01395.jpg
3502,03502.jpg,1396,01396.jpg
3503,03503.jpg,1397,01397.jpg
3504,03504.jpg,1398,01398.jpg
3505,03505.jpg,1399,01399.jpg
3506,03506.jpg,1400,01400.jpg
3507,03507.jpg,1401,01401.jpg
3508,03508.jpg,1402,01402.jpg
3509,03509.jpg,1403,01403.jpg
3510,03510.jpg,1404,01404.jpg
3511,03511.jpg,1405,01405.jpg
3512,03512.jpg,1406,01406.jpg
3513,03513.jpg,1407,01407.jpg
3514,03514.jpg,1408,01408.jpg
3515,03515.jpg,1409,01409.jpg
3516,03516.jpg,1410,01410.jpg
3517,03517.jpg,1411,01411.jpg
3518,03518.jpg,1412,01412.jpg
3519,03519.jpg,1413,01413.jpg
3520,03520.jpg,1414,01414.jpg
3521,03521.jpg,1415,01415.jpg
3522,03522.jpg,1416,01416.jpg
3523,03523.jpg,1417,01417.jpg
3524,03524.jpg,1418,01418.jpg
3525,03525.jpg,1419,01419.jpg
3526,03526.jpg,1420,01420.jpg
3527,03527.jpg,1421,01421.jpg
3528,03528.jpg,1422,01422.jpg
3529,03529.jpg,1423,01423.jpg
3530,03530.jpg,1424,01424.jpg
3531,03531.jpg,1425,01425.jpg
3532,03532.jpg,1426,01426.jpg
3533,03533.jpg,1427,01427.jpg
3534,03534.jpg,1428,01428.jpg
3535,03535.jpg,1429,01429.jpg
3536,03536.jpg,1430,01430.jpg
3537,03537.jpg,1431,01431.jpg
3538,03538.jpg,1432,01432.jpg
3539,03539.jpg,1433,01433.jpg
3540,03540.jpg,1434,01434.jpg
3541,03541.jpg,1435,01435.jpg
3542,03542.jpg,1436,01436.jpg
3543,03543.jpg,1437,01437.jpg
3544,03544.jpg,1438,01438.jpg
3545,03545.jpg,1439,01439.jpg
3546,03546.jpg,1440,01440.jpg
3547,03547.jpg,1441,01441.jpg
3548,03548.jpg,1442,01442.jpg
3549,03549.jpg,1443,01443.jpg
3550,03550.jpg,1444,01444.jpg
3551,03551.jpg,1445,01445.jpg
3552,03552.jpg,1446,01446.jpg
3553,03553.jpg,1447,01447.jpg
3554,03554.jpg,1448,01448.jpg
3555,03555.jpg,1449,01449.jpg
3556,03556.jpg,1450,01450.jpg
3557,03557.jpg,1451,01451.jpg
3559,03559.jpg,1452,01452.jpg
3560,03560.jpg,1453,01453.jpg
3561,03561.jpg,1454,01454.jpg
3562,03562.jpg,1455,01455.jpg
3563,03563.jpg,1456,01456.jpg
3564,03564.jpg,1457,01457.jpg
3565,03565.jpg,1458,01458.jpg
3566,03566.jpg,1459,01459.jpg
3567,03567.jpg,1460,01460.jpg
3568,03568.jpg,1461,01461.jpg
3569,03569.jpg,1462,01462.jpg
3570,03570.jpg,1463,01463.jpg
3571,03571.jpg,1464,01464.jpg
3573,03573.jpg,1465,01465.jpg
3574,03574.jpg,1466,01466.jpg
3575,03575.jpg,1467,01467.jpg
3576,03576.jpg,1468,01468.jpg
3577,03577.jpg,1469,01469.jpg
3578,03578.jpg,1470,01470.jpg
3579,03579.jpg,1471,01471.jpg
3580,03580.jpg,1472,01472.jpg
3581,03581.jpg,1473,01473.jpg
3582,03582.jpg,1474,01474.jpg
3583,03583.jpg,1475,01475.jpg
3584,03584.jpg,1476,01476.jpg
3585,03585.jpg,1477,01477.jpg
3586,03586.jpg,1478,01478.jpg
3587,03587.jpg,1479,01479.jpg
3588,03588.jpg,1480,01480.jpg
3589,03589.jpg,1481,01481.jpg
3590,03590.jpg,1482,01482.jpg
3591,03591.jpg,1483,01483.jpg
3592,03592.jpg,1484,01484.jpg
3593,03593.jpg,1485,01485.jpg
3594,03594.jpg,1486,01486.jpg
3595,03595.jpg,1487,01487.jpg
3596,03596.jpg,1488,01488.jpg
3597,03597.jpg,1489,01489.jpg
3598,03598.jpg,1490,01490.jpg
3599,03599.jpg,1491,01491.jpg
3600,03600.jpg,1492,01492.jpg
3601,03601.jpg,1493,01493.jpg
3602,03602.jpg,1494,01494.jpg
3603,03603.jpg,1495,01495.jpg
3605,03605.jpg,1496,01496.jpg
3606,03606.jpg,1497,01497.jpg
3607,03607.jpg,1498,01498.jpg
3608,03608.jpg,1499,01499.jpg
3609,03609.jpg,1500,01500.jpg
3611,03611.jpg,1501,01501.jpg
3613,03613.jpg,1502,01502.jpg
3614,03614.jpg,1503,01503.jpg
3615,03615.jpg,1504,01504.jpg
3616,03616.jpg,1505,01505.jpg
3617,03617.jpg,1506,01506.jpg
3618,03618.jpg,1507,01507.jpg
3619,03619.jpg,1508,01508.jpg
3620,03620.jpg,1509,01509.jpg
3621,03621.jpg,1510,01510.jpg
3622,03622.jpg,1511,01511.jpg
3623,03623.jpg,1512,01512.jpg
3624,03624.jpg,1513,01513.jpg
3625,03625.jpg,1514,01514.jpg
3626,03626.jpg,1515,01515.jpg
3627,03627.jpg,1516,01516.jpg
3628,03628.jpg,1517,01517.jpg
3629,03629.jpg,1518,01518.jpg
3630,03630.jpg,1519,01519.jpg
3631,03631.jpg,1520,01520.jpg
3632,03632.jpg,1521,01521.jpg
3633,03633.jpg,1522,01522.jpg
3634,03634.jpg,1523,01523.jpg
3635,03635.jpg,1524,01524.jpg
3636,03636.jpg,1525,01525.jpg
3637,03637.jpg,1526,01526.jpg
3638,03638.jpg,1527,01527.jpg
3639,03639.jpg,1528,01528.jpg
3640,03640.jpg,1529,01529.jpg
3641,03641.jpg,1530,01530.jpg
3642,03642.jpg,1531,01531.jpg
3643,03643.jpg,1532,01532.jpg
3644,03644.jpg,1533,01533.jpg
3645,03645.jpg,1534,01534.jpg
3646,03646.jpg,1535,01535.jpg
3647,03647.jpg,1536,01536.jpg
3648,03648.jpg,1537,01537.jpg
3649,03649.jpg,1538,01538.jpg
3650,03650.jpg,1539,01539.jpg
3651,03651.jpg,1540,01540.jpg
3652,03652.jpg,1541,01541.jpg
3653,03653.jpg,1542,01542.jpg
3654,03654.jpg,1543,01543.jpg
3655,03655.jpg,1544,01544.jpg
3656,03656.jpg,1545,01545.jpg
3657,03657.jpg,1546,01546.jpg
3658,03658.jpg,1547,01547.jpg
3659,03659.jpg,1548,01548.jpg
3660,03660.jpg,1549,01549.jpg
3661,03661.jpg,1550,01550.jpg
3662,03662.jpg,1551,01551.jpg
3663,03663.jpg,1552,01552.jpg
3664,03664.jpg,1553,01553.jpg
3665,03665.jpg,1554,01554.jpg
3666,03666.jpg,1555,01555.jpg
3667,03667.jpg,1556,01556.jpg
3668,03668.jpg,1557,01557.jpg
3669,03669.jpg,1558,01558.jpg
3670,03670.jpg,1559,01559.jpg
3671,03671.jpg,1560,01560.jpg
3672,03672.jpg,1561,01561.jpg
3673,03673.jpg,1562,01562.jpg
3674,03674.jpg,1563,01563.jpg
3675,03675.jpg,1564,01564.jpg
3676,03676.jpg,1565,01565.jpg
3677,03677.jpg,1566,01566.jpg
3678,03678.jpg,1567,01567.jpg
3679,03679.jpg,1568,01568.jpg
3680,03680.jpg,1569,01569.jpg
3681,03681.jpg,1570,01570.jpg
3682,03682.jpg,1571,01571.jpg
3683,03683.jpg,1572,01572.jpg
3684,03684.jpg,1573,01573.jpg
3685,03685.jpg,1574,01574.jpg
3686,03686.jpg,1575,01575.jpg
3687,03687.jpg,1576,01576.jpg
3688,03688.jpg,1577,01577.jpg
3689,03689.jpg,1578,01578.jpg
3690,03690.jpg,1579,01579.jpg
3691,03691.jpg,1580,01580.jpg
3692,03692.jpg,1581,01581.jpg
3693,03693.jpg,1582,01582.jpg
3694,03694.jpg,1583,01583.jpg
3695,03695.jpg,1584,01584.jpg
3696,03696.jpg,1585,01585.jpg
3697,03697.jpg,1586,01586.jpg
3698,03698.jpg,1587,01587.jpg
3699,03699.jpg,1588,01588.jpg
3700,03700.jpg,1589,01589.jpg
3701,03701.jpg,1590,01590.jpg
3702,03702.jpg,1591,01591.jpg
3703,03703.jpg,1592,01592.jpg
3704,03704.jpg,1593,01593.jpg
3705,03705.jpg,1594,01594.jpg
3706,03706.jpg,1595,01595.jpg
3707,03707.jpg,1596,01596.jpg
3708,03708.jpg,1597,01597.jpg
3709,03709.jpg,1598,01598.jpg
3710,03710.jpg,1599,01599.jpg
3711,03711.jpg,1600,01600.jpg
3712,03712.jpg,1601,01601.jpg
3713,03713.jpg,1602,01602.jpg
3714,03714.jpg,1603,01603.jpg
3715,03715.jpg,1604,01604.jpg
3716,03716.jpg,1605,01605.jpg
3717,03717.jpg,1606,01606.jpg
3718,03718.jpg,1607,01607.jpg
3719,03719.jpg,1608,01608.jpg
3720,03720.jpg,1609,01609.jpg
3721,03721.jpg,1610,01610.jpg
3722,03722.jpg,1611,01611.jpg
3723,03723.jpg,1612,01612.jpg
3724,03724.jpg,1613,01613.jpg
3725,03725.jpg,1614,01614.jpg
3726,03726.jpg,1615,01615.jpg
3727,03727.jpg,1616,01616.jpg
3728,03728.jpg,1617,01617.jpg
3729,03729.jpg,1618,01618.jpg
3730,03730.jpg,1619,01619.jpg
3731,03731.jpg,1620,01620.jpg
3732,03732.jpg,1621,01621.jpg
3733,03733.jpg,1622,01622.jpg
3734,03734.jpg,1623,01623.jpg
3735,03735.jpg,1624,01624.jpg
3736,03736.jpg,1625,01625.jpg
3737,03737.jpg,1626,01626.jpg
3738,03738.jpg,1627,01627.jpg
3739,03739.jpg,1628,01628.jpg
3740,03740.jpg,1629,01629.jpg
3741,03741.jpg,1630,01630.jpg
3742,03742.jpg,1631,01631.jpg
3743,03743.jpg,1632,01632.jpg
3744,03744.jpg,1633,01633.jpg
3745,03745.jpg,1634,01634.jpg
3746,03746.jpg,1635,01635.jpg
3747,03747.jpg,1636,01636.jpg
3748,03748.jpg,1637,01637.jpg
3749,03749.jpg,1638,01638.jpg
3750,03750.jpg,1639,01639.jpg
3751,03751.jpg,1640,01640.jpg
3752,03752.jpg,1641,01641.jpg
3753,03753.jpg,1642,01642.jpg
3754,03754.jpg,1643,01643.jpg
3755,03755.jpg,1644,01644.jpg
3756,03756.jpg,1645,01645.jpg
3757,03757.jpg,1646,01646.jpg
3758,03758.jpg,1647,01647.jpg
3759,03759.jpg,1648,01648.jpg
3760,03760.jpg,1649,01649.jpg
3761,03761.jpg,1650,01650.jpg
3762,03762.jpg,1651,01651.jpg
3763,03763.jpg,1652,01652.jpg
3764,03764.jpg,1653,01653.jpg
3765,03765.jpg,1654,01654.jpg
3766,03766.jpg,1655,01655.jpg
3767,03767.jpg,1656,01656.jpg
3768,03768.jpg,1657,01657.jpg
3769,03769.jpg,1658,01658.jpg
3770,03770.jpg,1659,01659.jpg
3771,03771.jpg,1660,01660.jpg
3772,03772.jpg,1661,01661.jpg
3773,03773.jpg,1662,01662.jpg
3774,03774.jpg,1663,01663.jpg
3775,03775.jpg,1664,01664.jpg
3776,03776.jpg,1665,01665.jpg
3777,03777.jpg,1666,01666.jpg
3778,03778.jpg,1667,01667.jpg
3779,03779.jpg,1668,01668.jpg
3780,03780.jpg,1669,01669.jpg
3781,03781.jpg,1670,01670.jpg
3782,03782.jpg,1671,01671.jpg
3783,03783.jpg,1672,01672.jpg
3784,03784.jpg,1673,01673.jpg
3785,03785.jpg,1674,01674.jpg
3786,03786.jpg,1675,01675.jpg
3787,03787.jpg,1676,01676.jpg
3788,03788.jpg,1677,01677.jpg
3789,03789.jpg,1678,01678.jpg
3790,03790.jpg,1679,01679.jpg
3791,03791.jpg,1680,01680.jpg
3792,03792.jpg,1681,01681.jpg
3793,03793.jpg,1682,01682.jpg
3794,03794.jpg,1683,01683.jpg
3795,03795.jpg,1684,01684.jpg
3796,03796.jpg,1685,01685.jpg
3797,03797.jpg,1686,01686.jpg
3798,03798.jpg,1687,01687.jpg
3799,03799.jpg,1688,01688.jpg
3800,03800.jpg,1689,01689.jpg
3801,03801.jpg,1690,01690.jpg
3802,03802.jpg,1691,01691.jpg
3803,03803.jpg,1692,01692.jpg
3804,03804.jpg,1693,01693.jpg
3805,03805.jpg,1694,01694.jpg
3806,03806.jpg,1695,01695.jpg
3807,03807.jpg,1696,01696.jpg
3808,03808.jpg,1697,01697.jpg
3809,03809.jpg,1698,01698.jpg
3810,03810.jpg,1699,01699.jpg
3811,03811.jpg,1700,01700.jpg
3812,03812.jpg,1701,01701.jpg
3813,03813.jpg,1702,01702.jpg
3814,03814.jpg,1703,01703.jpg
3815,03815.jpg,1704,01704.jpg
3816,03816.jpg,1705,01705.jpg
3817,03817.jpg,1706,01706.jpg
3818,03818.jpg,1707,01707.jpg
3819,03819.jpg,1708,01708.jpg
3820,03820.jpg,1709,01709.jpg
3821,03821.jpg,1710,01710.jpg
3822,03822.jpg,1711,01711.jpg
3823,03823.jpg,1712,01712.jpg
3824,03824.jpg,1713,01713.jpg
3825,03825.jpg,1714,01714.jpg
3826,03826.jpg,1715,01715.jpg
3827,03827.jpg,1716,01716.jpg
3828,03828.jpg,1717,01717.jpg
3829,03829.jpg,1718,01718.jpg
3830,03830.jpg,1719,01719.jpg
3831,03831.jpg,1720,01720.jpg
3832,03832.jpg,1721,01721.jpg
3833,03833.jpg,1722,01722.jpg
3834,03834.jpg,1723,01723.jpg
3835,03835.jpg,1724,01724.jpg
3836,03836.jpg,1725,01725.jpg
3837,03837.jpg,1726,01726.jpg
3838,03838.jpg,1727,01727.jpg
3839,03839.jpg,1728,01728.jpg
3840,03840.jpg,1729,01729.jpg
3841,03841.jpg,1730,01730.jpg
3842,03842.jpg,1731,01731.jpg
3843,03843.jpg,1732,01732.jpg
3844,03844.jpg,1733,01733.jpg
3845,03845.jpg,1734,01734.jpg
3846,03846.jpg,1735,01735.jpg
3847,03847.jpg,1736,01736.jpg
3848,03848.jpg,1737,01737.jpg
3849,03849.jpg,1738,01738.jpg
3850,03850.jpg,1739,01739.jpg
3851,03851.jpg,1740,01740.jpg
3852,03852.jpg,1741,01741.jpg
3853,03853.jpg,1742,01742.jpg
3854,03854.jpg,1743,01743.jpg
3855,03855.jpg,1744,01744.jpg
3856,03856.jpg,1745,01745.jpg
3857,03857.jpg,1746,01746.jpg
3858,03858.jpg,1747,01747.jpg
3859,03859.jpg,1748,01748.jpg
3860,03860.jpg,1749,01749.jpg
3861,03861.jpg,1750,01750.jpg
3862,03862.jpg,1751,01751.jpg
3863,03863.jpg,1752,01752.jpg
3864,03864.jpg,1753,01753.jpg
3865,03865.jpg,1754,01754.jpg
3866,03866.jpg,1755,01755.jpg
3867,03867.jpg,1756,01756.jpg
3868,03868.jpg,1757,01757.jpg
3869,03869.jpg,1758,01758.jpg
3870,03870.jpg,1759,01759.jpg
3871,03871.jpg,1760,01760.jpg
3872,03872.jpg,1761,01761.jpg
3873,03873.jpg,1762,01762.jpg
3874,03874.jpg,1763,01763.jpg
3875,03875.jpg,1764,01764.jpg
3876,03876.jpg,1765,01765.jpg
3877,03877.jpg,1766,01766.jpg
3878,03878.jpg,1767,01767.jpg
3879,03879.jpg,1768,01768.jpg
3880,03880.jpg,1769,01769.jpg
3881,03881.jpg,1770,01770.jpg
3882,03882.jpg,1771,01771.jpg
3883,03883.jpg,1772,01772.jpg
3884,03884.jpg,1773,01773.jpg
3885,03885.jpg,1774,01774.jpg
3886,03886.jpg,1775,01775.jpg
3887,03887.jpg,1776,01776.jpg
3888,03888.jpg,1777,01777.jpg
3889,03889.jpg,1778,01778.jpg
3890,03890.jpg,1779,01779.jpg
3891,03891.jpg,1780,01780.jpg
3892,03892.jpg,1781,01781.jpg
3893,03893.jpg,1782,01782.jpg
3894,03894.jpg,1783,01783.jpg
3895,03895.jpg,1784,01784.jpg
3896,03896.jpg,1785,01785.jpg
3897,03897.jpg,1786,01786.jpg
3898,03898.jpg,1787,01787.jpg
3899,03899.jpg,1788,01788.jpg
3900,03900.jpg,1789,01789.jpg
3901,03901.jpg,1790,01790.jpg
3902,03902.jpg,1791,01791.jpg
3903,03903.jpg,1792,01792.jpg
3904,03904.jpg,1793,01793.jpg
3905,03905.jpg,1794,01794.jpg
3906,03906.jpg,1795,01795.jpg
3907,03907.jpg,1796,01796.jpg
3908,03908.jpg,1797,01797.jpg
3909,03909.jpg,1798,01798.jpg
3910,03910.jpg,1799,01799.jpg
3911,03911.jpg,1800,01800.jpg
3912,03912.jpg,1801,01801.jpg
3913,03913.jpg,1802,01802.jpg
3914,03914.jpg,1803,01803.jpg
3915,03915.jpg,1804,01804.jpg
3916,03916.jpg,1805,01805.jpg
3917,03917.jpg,1806,01806.jpg
3918,03918.jpg,1807,01807.jpg
3919,03919.jpg,1808,01808.jpg
3920,03920.jpg,1809,01809.jpg
3921,03921.jpg,1810,01810.jpg
3922,03922.jpg,1811,01811.jpg
3923,03923.jpg,1812,01812.jpg
3924,03924.jpg,1813,01813.jpg
3925,03925.jpg,1814,01814.jpg
3926,03926.jpg,1815,01815.jpg
3927,03927.jpg,1816,01816.jpg
3928,03928.jpg,1817,01817.jpg
3929,03929.jpg,1818,01818.jpg
3930,03930.jpg,1819,01819.jpg
3931,03931.jpg,1820,01820.jpg
3932,03932.jpg,1821,01821.jpg
3933,03933.jpg,1822,01822.jpg
3934,03934.jpg,1823,01823.jpg
3935,03935.jpg,1824,01824.jpg
3936,03936.jpg,1825,01825.jpg
3937,03937.jpg,1826,01826.jpg
3938,03938.jpg,1827,01827.jpg
3939,03939.jpg,1828,01828.jpg
3940,03940.jpg,1829,01829.jpg
3941,03941.jpg,1830,01830.jpg
3942,03942.jpg,1831,01831.jpg
3943,03943.jpg,1832,01832.jpg
3944,03944.jpg,1833,01833.jpg
3945,03945.jpg,1834,01834.jpg
3946,03946.jpg,1835,01835.jpg
3947,03947.jpg,1836,01836.jpg
3948,03948.jpg,1837,01837.jpg
3949,03949.jpg,1838,01838.jpg
3950,03950.jpg,1839,01839.jpg
3951,03951.jpg,1840,01840.jpg
3952,03952.jpg,1841,01841.jpg
3953,03953.jpg,1842,01842.jpg
3954,03954.jpg,1843,01843.jpg
3955,03955.jpg,1844,01844.jpg
3956,03956.jpg,1845,01845.jpg
3957,03957.jpg,1846,01846.jpg
3958,03958.jpg,1847,01847.jpg
3959,03959.jpg,1848,01848.jpg
3960,03960.jpg,1849,01849.jpg
3961,03961.jpg,1850,01850.jpg
3962,03962.jpg,1851,01851.jpg
3963,03963.jpg,1852,01852.jpg
3964,03964.jpg,1853,01853.jpg
3965,03965.jpg,1854,01854.jpg
3966,03966.jpg,1855,01855.jpg
3967,03967.jpg,1856,01856.jpg
3968,03968.jpg,1857,01857.jpg
3969,03969.jpg,1858,01858.jpg
3970,03970.jpg,1859,01859.jpg
3971,03971.jpg,1860,01860.jpg
3972,03972.jpg,1861,01861.jpg
3973,03973.jpg,1862,01862.jpg
3974,03974.jpg,1863,01863.jpg
3975,03975.jpg,1864,01864.jpg
3976,03976.jpg,1865,01865.jpg
3977,03977.jpg,1866,01866.jpg
3978,03978.jpg,1867,01867.jpg
3979,03979.jpg,1868,01868.jpg
3980,03980.jpg,1869,01869.jpg
3981,03981.jpg,1870,01870.jpg
3982,03982.jpg,1871,01871.jpg
3983,03983.jpg,1872,01872.jpg
3984,03984.jpg,1873,01873.jpg
3985,03985.jpg,1874,01874.jpg
3986,03986.jpg,1875,01875.jpg
3987,03987.jpg,1876,01876.jpg
3988,03988.jpg,1877,01877.jpg
3989,03989.jpg,1878,01878.jpg
3990,03990.jpg,1879,01879.jpg
3991,03991.jpg,1880,01880.jpg
3992,03992.jpg,1881,01881.jpg
3993,03993.jpg,1882,01882.jpg
3994,03994.jpg,1883,01883.jpg
3995,03995.jpg,1884,01884.jpg
3996,03996.jpg,1885,01885.jpg
3997,03997.jpg,1886,01886.jpg
3998,03998.jpg,1887,01887.jpg
3999,03999.jpg,1888,01888.jpg
4000,04000.jpg,1889,01889.jpg
4001,04001.jpg,1890,01890.jpg
4002,04002.jpg,1891,01891.jpg
4003,04003.jpg,1892,01892.jpg
4004,04004.jpg,1893,01893.jpg
4005,04005.jpg,1894,01894.jpg
4006,04006.jpg,1895,01895.jpg
4007,04007.jpg,1896,01896.jpg
4008,04008.jpg,1897,01897.jpg
4009,04009.jpg,1898,01898.jpg
4010,04010.jpg,1899,01899.jpg
4011,04011.jpg,1900,01900.jpg
4012,04012.jpg,1901,01901.jpg
4013,04013.jpg,1902,01902.jpg
4014,04014.jpg,1903,01903.jpg
4015,04015.jpg,1904,01904.jpg
4016,04016.jpg,1905,01905.jpg
4017,04017.jpg,1906,01906.jpg
4018,04018.jpg,1907,01907.jpg
4019,04019.jpg,1908,01908.jpg
4020,04020.jpg,1909,01909.jpg
4021,04021.jpg,1910,01910.jpg
4022,04022.jpg,1911,01911.jpg
4023,04023.jpg,1912,01912.jpg
4024,04024.jpg,1913,01913.jpg
4025,04025.jpg,1914,01914.jpg
4026,04026.jpg,1915,01915.jpg
4027,04027.jpg,1916,01916.jpg
4028,04028.jpg,1917,01917.jpg
4029,04029.jpg,1918,01918.jpg
4030,04030.jpg,1919,01919.jpg
4031,04031.jpg,1920,01920.jpg
4032,04032.jpg,1921,01921.jpg
4033,04033.jpg,1922,01922.jpg
4034,04034.jpg,1923,01923.jpg
4035,04035.jpg,1924,01924.jpg
4036,04036.jpg,1925,01925.jpg
4037,04037.jpg,1926,01926.jpg
4038,04038.jpg,1927,01927.jpg
4039,04039.jpg,1928,01928.jpg
4040,04040.jpg,1929,01929.jpg
4041,04041.jpg,1930,01930.jpg
4042,04042.jpg,1931,01931.jpg
4043,04043.jpg,1932,01932.jpg
4044,04044.jpg,1933,01933.jpg
4045,04045.jpg,1934,01934.jpg
4046,04046.jpg,1935,01935.jpg
4047,04047.jpg,1936,01936.jpg
4048,04048.jpg,1937,01937.jpg
4049,04049.jpg,1938,01938.jpg
4050,04050.jpg,1939,01939.jpg
4051,04051.jpg,1940,01940.jpg
4052,04052.jpg,1941,01941.jpg
4053,04053.jpg,1942,01942.jpg
4054,04054.jpg,1943,01943.jpg
4055,04055.jpg,1944,01944.jpg
4056,04056.jpg,1945,01945.jpg
4057,04057.jpg,1946,01946.jpg
4058,04058.jpg,1947,01947.jpg
4059,04059.jpg,1948,01948.jpg
4060,04060.jpg,1949,01949.jpg
4061,04061.jpg,1950,01950.jpg
4062,04062.jpg,1951,01951.jpg
4063,04063.jpg,1952,01952.jpg
4064,04064.jpg,1953,01953.jpg
4065,04065.jpg,1954,01954.jpg
4066,04066.jpg,1955,01955.jpg
4067,04067.jpg,1956,01956.jpg
4068,04068.jpg,1957,01957.jpg
4069,04069.jpg,1958,01958.jpg
4070,04070.jpg,1959,01959.jpg
4071,04071.jpg,1960,01960.jpg
4072,04072.jpg,1961,01961.jpg
4073,04073.jpg,1962,01962.jpg
4074,04074.jpg,1963,01963.jpg
4075,04075.jpg,1964,01964.jpg
4076,04076.jpg,1965,01965.jpg
4077,04077.jpg,1966,01966.jpg
4078,04078.jpg,1967,01967.jpg
4079,04079.jpg,1968,01968.jpg
4080,04080.jpg,1969,01969.jpg
4081,04081.jpg,1970,01970.jpg
4082,04082.jpg,1971,01971.jpg
4083,04083.jpg,1972,01972.jpg
4084,04084.jpg,1973,01973.jpg
4085,04085.jpg,1974,01974.jpg
4086,04086.jpg,1975,01975.jpg
4087,04087.jpg,1976,01976.jpg
4088,04088.jpg,1977,01977.jpg
4089,04089.jpg,1978,01978.jpg
4090,04090.jpg,1979,01979.jpg
4091,04091.jpg,1980,01980.jpg
4092,04092.jpg,1981,01981.jpg
4093,04093.jpg,1982,01982.jpg
4094,04094.jpg,1983,01983.jpg
4095,04095.jpg,1984,01984.jpg
4096,04096.jpg,1985,01985.jpg
4097,04097.jpg,1986,01986.jpg
4098,04098.jpg,1987,01987.jpg
4099,04099.jpg,1988,01988.jpg
4100,04100.jpg,1989,01989.jpg
4101,04101.jpg,1990,01990.jpg
4102,04102.jpg,1991,01991.jpg
4103,04103.jpg,1992,01992.jpg
4104,04104.jpg,1993,01993.jpg
4105,04105.jpg,1994,01994.jpg
4106,04106.jpg,1995,01995.jpg
4107,04107.jpg,1996,01996.jpg
4108,04108.jpg,1997,01997.jpg
4109,04109.jpg,1998,01998.jpg
4110,04110.jpg,1999,01999.jpg
4111,04111.jpg,2000,02000.jpg
4112,04112.jpg,2001,02001.jpg
4113,04113.jpg,2002,02002.jpg
4114,04114.jpg,2003,02003.jpg
4115,04115.jpg,2004,02004.jpg
4116,04116.jpg,2005,02005.jpg
4117,04117.jpg,2006,02006.jpg
4118,04118.jpg,2007,02007.jpg
4119,04119.jpg,2008,02008.jpg
4120,04120.jpg,2009,02009.jpg
4121,04121.jpg,2010,02010.jpg
4122,04122.jpg,2011,02011.jpg
4123,04123.jpg,2012,02012.jpg
4124,04124.jpg,2013,02013.jpg
4125,04125.jpg,2014,02014.jpg
4126,04126.jpg,2015,02015.jpg
4127,04127.jpg,2016,02016.jpg
4128,04128.jpg,2017,02017.jpg
4129,04129.jpg,2018,02018.jpg
4130,04130.jpg,2019,02019.jpg
4131,04131.jpg,2020,02020.jpg
4132,04132.jpg,2021,02021.jpg
4133,04133.jpg,2022,02022.jpg
4134,04134.jpg,2023,02023.jpg
4135,04135.jpg,2024,02024.jpg
4136,04136.jpg,2025,02025.jpg
4137,04137.jpg,2026,02026.jpg
4138,04138.jpg,2027,02027.jpg
4139,04139.jpg,2028,02028.jpg
4140,04140.jpg,2029,02029.jpg
4141,04141.jpg,2030,02030.jpg
4142,04142.jpg,2031,02031.jpg
4143,04143.jpg,2032,02032.jpg
4144,04144.jpg,2033,02033.jpg
4145,04145.jpg,2034,02034.jpg
4146,04146.jpg,2035,02035.jpg
4147,04147.jpg,2036,02036.jpg
4148,04148.jpg,2037,02037.jpg
4149,04149.jpg,2038,02038.jpg
4150,04150.jpg,2039,02039.jpg
4151,04151.jpg,2040,02040.jpg
4152,04152.jpg,2041,02041.jpg
4153,04153.jpg,2042,02042.jpg
4154,04154.jpg,2043,02043.jpg
4155,04155.jpg,2044,02044.jpg
4156,04156.jpg,2045,02045.jpg
4157,04157.jpg,2046,02046.jpg
4158,04158.jpg,2047,02047.jpg
4159,04159.jpg,2048,02048.jpg
4160,04160.jpg,2049,02049.jpg
4161,04161.jpg,2050,02050.jpg
4162,04162.jpg,2051,02051.jpg
4163,04163.jpg,2052,02052.jpg
4164,04164.jpg,2053,02053.jpg
4165,04165.jpg,2054,02054.jpg
4166,04166.jpg,2055,02055.jpg
4167,04167.jpg,2056,02056.jpg
4168,04168.jpg,2057,02057.jpg
4169,04169.jpg,2058,02058.jpg
4170,04170.jpg,2059,02059.jpg
4171,04171.jpg,2060,02060.jpg
4172,04172.jpg,2061,02061.jpg
4173,04173.jpg,2062,02062.jpg
4174,04174.jpg,2063,02063.jpg
4175,04175.jpg,2064,02064.jpg
4176,04176.jpg,2065,02065.jpg
4177,04177.jpg,2066,02066.jpg
4178,04178.jpg,2067,02067.jpg
4179,04179.jpg,2068,02068.jpg
4180,04180.jpg,2069,02069.jpg
4181,04181.jpg,2070,02070.jpg
4182,04182.jpg,2071,02071.jpg
4183,04183.jpg,2072,02072.jpg
4184,04184.jpg,2073,02073.jpg
4185,04185.jpg,2074,02074.jpg
4186,04186.jpg,2075,02075.jpg
4187,04187.jpg,2076,02076.jpg
4188,04188.jpg,2077,02077.jpg
4189,04189.jpg,2078,02078.jpg
4190,04190.jpg,2079,02079.jpg
4191,04191.jpg,2080,02080.jpg
4192,04192.jpg,2081,02081.jpg
4193,04193.jpg,2082,02082.jpg
